#samplename,barcode,name
A1,attctggaacaattc,index_9nt_36
A2,aagttgctaacaattc,index_10nt_130
A3,aatccagacaattc,index_8nt_37
A4,agcaatgaacaattc,index_9nt_37
A5,atagtcgtaacaattc,index_10nt_138
A6,cctagagacaattc,index_8nt_38
A7,acctcgtccacaattc,index_10nt_185
A8,ccagtctacaattc,index_8nt_53
A9,taacggtaacaattc,index_9nt_53
A10,cgaggaagcacaattc,index_10nt_188
A11,atatagtacaattc,index_8nt_54
A12,aatccttaacaattc,index_9nt_54
B1,ctggatgaacaattc,index_9nt_38
B2,tgcaacttaacaattc,index_10nt_143
B3,ggaatagacaattc,index_8nt_39
B4,caacttgaacaattc,index_9nt_39
B5,aagccaaccacaattc,index_10nt_148
B6,ttcgtagacaattc,index_8nt_40
B7,aagaggtacaattc,index_8nt_55
B8,aggcgcagcacaattc,index_10nt_191
B9,ttcaattacaattc,index_8nt_56
B10,catctcagcacaattc,index_10nt_192
B11,ccgcgttacaattc,index_8nt_57
B12,ggttaaccacaattc,index_9nt_57
C1,cttcaataacaattc,index_9nt_40
C2,cttgccgacaattc,index_8nt_41
C3,aaggaataacaattc,index_9nt_41
C4,cgctcaaccacaattc,index_10nt_150
C5,gaccgcgacaattc,index_8nt_42
C6,ttctcataacaattc,index_9nt_42
C7,aattggagcacaattc,index_10nt_195
C8,cctccaaccaattc,index_8nt_58
C9,gtcagaccacaattc,index_9nt_58
C10,caggaacgcacaattc,index_10nt_200
C11,ttgcgaaccaattc,index_8nt_59
C12,agacgaccacaattc,index_9nt_59
D1,ataagaaccacaattc,index_10nt_151
D2,acgttcgacaattc,index_8nt_43
D3,gatagataacaattc,index_9nt_43
D4,cctcgaaccacaattc,index_10nt_152
D5,tataaggacaattc,index_8nt_44
D6,ccaggataacaattc,index_9nt_44
D7,aactctcgcacaattc,index_10nt_211
D8,cctataccacaattc,index_9nt_60
D9,aatgcaggcacaattc,index_10nt_213
D10,acctgaaccaattc,index_8nt_61
D11,cttgagccacaattc,index_9nt_61
D12,ttggacggcacaattc,index_10nt_215
E1,gtcctaaccacaattc,index_10nt_153
E2,ctgatggacaattc,index_8nt_45
E3,gcgctataacaattc,index_9nt_45
E4,ctgcagaccacaattc,index_10nt_155
E5,tggactgacaattc,index_8nt_46
E6,agattataacaattc,index_9nt_46
E7,aatataaccaattc,index_8nt_62
E8,actccgccacaattc,index_9nt_62
E9,ttaattggcacaattc,index_10nt_218
E10,gcggtaaccaattc,index_8nt_63
E11,ggagcgccacaattc,index_9nt_63
E12,cataattgcacaattc,index_10nt_221
F1,cttattaccacaattc,index_10nt_162
F2,actgaatacaattc,index_8nt_47
F3,gtaacctaacaattc,index_9nt_47
F4,accgttaccacaattc,index_10nt_164
F5,tagtaatacaattc,index_8nt_48
F6,cagtcctaacaattc,index_9nt_48
F7,cttaagaccaattc,index_8nt_64
F8,cggaggccacaattc,index_9nt_64
F9,agaacttgcacaattc,index_10nt_222
F10,gacgagaccaattc,index_8nt_65
F11,ataatgccacaattc,index_9nt_65
F12,caattaatcacaattc,index_10nt_225
G1,cagagagccacaattc,index_10nt_165
G2,gtagcatacaattc,index_8nt_49
G3,acctagtaacaattc,index_9nt_49
G4,cattacgccacaattc,index_10nt_167
G5,atccgatacaattc,index_8nt_50
G6,tggacgtaacaattc,index_9nt_50
G7,aggacgaccaattc,index_8nt_66
G8,gcgttgccacaattc,index_9nt_66
G9,ttatgcatcacaattc,index_10nt_227
G10,tattggaccaattc,index_8nt_67
G11,tagactccacaattc,index_9nt_67
G12,tattctatcacaattc,index_10nt_231
H1,ctatcggccacaattc,index_10nt_173
H2,gccttatacaattc,index_8nt_51
H3,gctgcgtaacaattc,index_9nt_51
H4,tgagctgccacaattc,index_10nt_176
H5,tgctgctacaattc,index_8nt_52
H6,ctcaggtaacaattc,index_9nt_52
H7,cgcttgaccaattc,index_8nt_68
H8,gatcgtccacaattc,index_9nt_68
H9,gcttgcctcacaattc,index_10nt_239
H10,taggctaccaattc,index_8nt_69
H11,ctccttccacaattc,index_9nt_69
H12,agcatgctcacaattc,index_10nt_243
